,step,fold_0,fold_1,fold_2,fold_3
0,15,5.63588809967041,4.772557258605957,6.5350608825683585,6.192430019378662
1,25,5.010395050048828,7.464951038360597,7.91913366317749,5.286964416503906
2,30,5.176614284515381,5.428663730621338,5.990558624267577,5.5369720458984375
3,40,8.031258583068848,5.954455375671388,7.242252826690674,6.38007926940918
4,50,6.00765323638916,4.668689727783203,8.239860534667969,5.191188335418701
5,55,5.6474385261535645,6.260152339935303,7.807202339172362,4.787212371826172
6,65,7.675283908843994,3.562332391738892,5.851570129394531,4.855245590209961
7,70,5.112082481384277,4.487424373626709,5.261692523956299,7.9069905281066895
8,75,5.514085292816162,8.984346389770508,6.986674785614014,4.656338691711426
9,80,7.3055596351623535,5.582184314727783,6.648714065551758,5.193608283996582
10,85,7.421281337738037,6.428049564361572,8.16698169708252,6.083031177520753
11,90,5.776839733123778,5.794839382171631,5.242714405059815,6.9741764068603525
12,95,7.3013596534729,6.237002372741699,9.335728645324707,6.095078468322754
13,100,5.609729290008545,7.8330931663513175,5.568069934844972,4.420739650726318
14,110,4.615635871887207,8.132311820983888,8.019543647766112,6.332108974456787
15,120,6.373974800109862,3.332106351852417,4.487424373626709,6.154181957244872
16,125,3.1604106426239014,6.106598377227782,6.796786785125732,7.201703071594237
17,150,6.3453426361083975,5.187432765960693,6.613675117492676,6.779081344604492
18,155,3.033461570739746,3.1480653285980225,4.804431915283203,4.40436315536499
19,165,8.278043746948242,6.067988872528076,6.277573585510254,2.6863491535186768
20,170,5.989832401275635,5.948345184326173,4.1845054626464835,7.378001689910889
21,180,6.767533302307129,6.6275062561035165,6.227445602416992,6.500965118408202
22,195,4.029523849487306,7.75575065612793,6.579855442047119,4.785059928894043
23,200,7.20773983001709,8.350338935852049,6.2041873931884775,7.378001689910889
24,210,8.719625473022461,6.410606384277344,4.0832505226135245,1.931963562965393
25,215,6.499232292175293,5.089925289154053,7.521777153015138,4.605170249938965
26,220,4.797052383422852,6.9741759300231925,6.242924213409424,6.783031940460205
27,225,4.8744239807128915,5.487011432647705,6.636862277984619,5.961487293243407
28,235,5.2383809089660645,3.16162657737732,4.622100830078125,7.23948335647583
29,245,6.55549430847168,6.539719104766847,11.270074844360352,6.01230525970459
30,250,3.9675312042236333,6.675778388977051,5.019231796264648,3.247675895690918
31,265,7.642200469970702,7.225352764129639,1.9518007040023804,9.714030265808104
32,270,4.029523849487306,5.396683692932129,3.1105098724365234,3.177124500274658
33,275,6.792625427246094,6.55651330947876,2.975648164749145,2.417714357376098
34,280,5.532058238983153,6.404064655303955,3.725408792495728,4.190705299377441
35,285,6.865115165710449,4.835428714752197,5.726165294647218,4.298159122467041
36,300,5.3726983070373535,5.3517117500305185,8.387988090515138,5.372698783874512
37,305,5.2383809089660645,2.789670467376709,5.846759796142577,6.286057949066162
38,315,3.78281831741333,5.324727535247803,9.14013957977295,4.579004287719727
39,325,4.266554355621338,4.163841724395752,5.798583030700684,5.168302536010742
40,330,2.8443698883056636,6.743284702301025,9.8762845993042,5.521939754486084
41,335,7.215658664703369,7.222731113433838,6.320822238922119,2.247234582901001
42,340,7.458906650543213,5.168302059173584,4.266554832458496,10.550026893615724
43,345,8.634695053100586,4.11525821685791,9.881928443908693,5.7308783531188965
44,355,3.65468430519104,4.1117587089538565,3.1060912609100337,5.6413331031799325
45,360,7.828789234161378,6.934529781341553,2.743505954742432,5.37269926071167
46,365,4.3243675231933585,7.822017192840576,4.2047204971313485,5.6201252937316895
47,370,5.983232975006104,2.8630826473236084,4.1480393409728995,5.372697830200195
48,380,2.302585363388061,3.5938997268676762,4.385069847106934,8.321842193603517
49,390,2.3025851249694824,6.1402268409729,5.15404224395752,4.813042163848877
50,395,7.177588939666747,8.296077728271483,6.468446254730225,5.2693772315979
51,405,4.835428714752197,5.835862159729004,5.214678764343262,3.6162395477294917
52,420,1.7125476598739624,6.118906497955322,2.686349391937256,8.753792762756348
53,425,6.523991107940674,6.1018500328063965,7.7232537269592285,8.770139694213867
54,430,1.96562135219574,2.831557512283325,6.669556617736816,4.1414546966552725
55,435,4.2416043281555185,4.863218784332275,4.835428237915039,4.720299243927002
56,440,4.15950870513916,4.178765773773193,5.096162796020508,2.0893826484680176
57,445,0.9543609619140624,2.7258543968200684,4.701111316680908,5.260766983032227
58,470,9.234325408935547,6.827804088592528,5.3726983070373535,6.799821376800537
59,495,6.286057949066162,2.5520315170288086,5.223456859588623,5.295945644378662
60,510,2.1490793228149414,3.7516255378723145,7.0191707611083975,3.432557344436645
61,520,7.7712249755859375,2.420715570449829,8.059047698974611,5.775650978088379
62,525,2.7474024295806885,6.354248523712157,4.395843982696533,6.664212703704834
63,530,5.861125469207764,5.612551212310791,7.422807216644287,3.2546155452728267
64,565,6.332108974456787,6.4920101165771475,4.230999946594238,9.066429138183594
65,580,4.905507564544678,5.540595531463623,6.799821853637695,5.3726983070373535
66,590,6.268148422241211,3.480043649673462,8.562738418579103,6.7158732414245605
67,595,4.197420597076416,3.07011342048645,6.044286251068115,4.197420597076416
68,600,2.6191906929016118,6.76960039138794,5.948345184326173,5.5965609550476065
69,620,6.7865662574768075,5.842809200286865,8.059047698974611,7.16359806060791
70,625,5.288750171661377,6.547976493835449,7.521777629852295,7.439120769500732
71,630,7.675283432006836,6.399832248687744,12.952041625976562,6.509231090545653
72,645,2.6863491535186768,6.7158732414245605,2.9102118015289307,4.413288116455078
73,650,1.3431745767593384,6.162801265716553,7.61132287979126,7.422807216644287
74,665,10.20812702178955,11.28266716003418,7.790412425994872,3.81744384765625
75,685,6.907755374908447,6.984508037567139,9.918828010559082,1.5498168468475342
76,695,3.223618984222412,6.7158732414245605,4.317347049713135,1.465281367301941
77,705,2.4797070026397705,6.7865662574768075,3.3579366207122803,5.709535598754883
78,710,6.7158732414245605,5.3726983070373535,5.57934045791626,8.059048652648926
79,715,11.158681869506836,12.08857250213623,8.394841194152832,5.036904811859131
80,720,3.719560384750366,2.954983949661255,2.6863491535186768,7.771224498748778
81,725,11.282666206359865,7.439120769500732,3.693730115890503,8.059047698974611
82,730,6.199267864227295,4.959414005279541,5.889304637908936,7.051666259765625
83,740,3.0996336936950684,4.339487075805663,3.0221431255340576,5.7084922790527335
84,750,8.059047698974611,6.5092315673828125,3.0221431255340576,8.346870422363281
85,765,3.719560384750366,6.199267387390138,4.649450302124023,7.6560959815979
86,770,2.4797070026397705,3.2739882469177246,2.564242362976074,5.7084922790527335
87,775,1.465281367301941,8.86495304107666,4.76216459274292,8.394841194152832
88,785,5.238381385803223,3.719560384750366,8.922516822814941,4.76216459274292
89,790,9.52432918548584,2.1697435379028316,4.835428714752197,5.180816173553467
90,795,4.029523849487306,3.693730115890503,3.663203477859497,5.128484725952148
91,805,4.395843982696533,3.3579366207122803,5.861125469207764,8.059047698974611
92,810,8.425368309020996,4.835428714752197,7.893451690673827,6.22744607925415
93,820,4.229748725891113,-1.1920928244535387e-07,7.797390460968018,7.675284385681152
94,825,5.756462574005128,5.344715595245361,5.692873954772949,7.825075626373291
95,835,5.197847366333008,7.311851024627685,8.534755706787111,6.044285774230957
96,840,3.734680652618408,5.826865196228027,6.82332706451416,7.433344841003418
97,845,4.934110641479492,7.578707218170166,6.289323806762695,7.1419830322265625
98,855,5.259912967681885,7.105496406555176,5.196695804595947,6.982457160949707
99,875,7.746681690216064,7.173773765563965,6.061805248260497,7.426312923431396
100,880,6.776926517486572,6.514397144317628,4.595655918121338,6.465980052947997
101,885,8.184969902038574,6.932147026062013,7.571605205535889,6.814154624938965
102,890,8.214029312133789,7.689366340637207,7.015688896179199,7.0446224212646475
103,900,5.745802879333496,7.0143561363220215,4.982744693756104,5.64133358001709
104,905,6.438930034637451,6.517316818237305,5.604701519012451,5.549432277679443
105,915,5.7903242111206055,7.865630149841309,8.243605613708496,3.2929441928863525
106,925,5.0450944900512695,7.870163440704347,5.046319484710693,5.783112525939941
107,930,5.3726983070373535,7.9055418968200675,7.3479552268981925,5.315542221069336
108,935,5.743229866027832,8.518555641174316,3.5258331298828125,4.79374361038208
109,940,5.861125946044923,6.472620487213135,4.924973964691162,4.566793441772461
110,950,4.3264360427856445,6.854344844818115,6.305019855499268,4.456179141998291
111,955,7.719718933105469,7.867166042327881,3.9750709533691406,5.009678363800049
112,990,8.776634216308594,7.0078678131103525,6.4367713928222665,6.5414347648620605
113,1010,7.150986194610597,6.320822238922119,3.3310730457305913,5.023821830749512
114,1030,8.174177169799805,7.616783142089844,8.112774848937987,5.353509902954102
115,1035,6.679073810577393,6.332108974456787,6.299677848815918,4.463472366333008
116,1040,7.039529323577881,8.236821174621582,4.79987382888794,6.116241455078125
117,1060,7.474116802215576,7.577910423278809,11.458958625793455,9.498162269592283
118,1065,5.680968284606934,6.560891151428223,4.701111316680908,5.945199489593506
119,1070,4.948537826538086,6.385244846343994,7.584986686706543,7.364302158355713
120,1075,5.322012424468994,8.278840065002441,3.534670352935791,3.2692360877990723
121,1090,7.621056079864503,7.201703071594237,2.9756484031677246,7.7086548805236825
122,1095,8.916393280029297,7.987092018127441,6.488215923309326,5.846760272979736
123,1105,5.1683030128479,8.971392631530762,6.366647720336914,5.34686803817749
124,1110,7.857571125030518,5.744215488433838,5.796858787536621,2.9963126182556152
125,1115,7.4269652366638175,7.684208393096924,5.796858787536621,6.783031940460205
126,1125,7.8072028160095215,7.16359806060791,6.083791732788086,6.939735889434815
127,1130,6.626327991485597,6.354249954223633,10.10683822631836,6.12823486328125
128,1135,6.974175453186035,8.059047698974611,4.717491149902344,6.689010143280028
129,1145,7.333733081817628,8.363162994384767,9.718263626098633,7.7136597633361825
130,1150,7.897866249084473,7.920098304748535,6.162801742553711,4.119068622589111
131,1155,4.029524326324463,7.9815568923950195,3.871503353118897,4.216943264007568
132,1160,10.073809623718262,7.30936861038208,5.476019382476807,3.81171178817749
133,1165,7.152405738830566,6.478842258453369,8.059047698974611,4.029523849487306
134,1170,7.353880882263184,7.74908447265625,6.482277870178223,7.867165565490723
135,1185,7.684208393096924,5.9037208557128915,8.765981674194336,5.269377708435059
136,1190,7.955726146697997,6.984508991241455,4.132844924926759,4.76216459274292
137,1200,5.3726983070373535,8.708971977233888,4.983884811401367,5.3391194343566895
138,1220,6.873894214630128,7.7136597633361825,7.7712249755859375,2.6863491535186768
139,1225,6.636862754821777,6.296131134033202,4.266554832458496,5.280066013336182
140,1235,6.044286251068115,7.086403846740723,6.715872764587402,2.1621835231781006
141,1245,5.199385643005371,9.14810848236084,4.307422161102295,6.044286251068115
142,1250,7.61132287979126,8.61484432220459,3.7417008876800537,3.6739778518676762
143,1275,8.184969902038574,7.61132287979126,6.930781364440918,7.16359806060791
144,1290,5.963695049285889,7.675283432006836,3.525833368301392,6.499232292175293
145,1295,7.414323806762695,8.425368309020996,2.901257038116455,7.051666259765625
146,1300,4.029523849487306,7.521778583526611,6.268148422241211,8.935030937194824
147,1305,10.409603118896484,6.657474040985107,8.596318244934082,5.0742154121398935
148,1315,7.623423099517822,7.229440212249756,7.539108753204347,3.0221428871154785
149,1335,4.996610164642334,6.354248523712157,3.480043649673462,3.6791305541992183
150,1345,6.907755374908447,5.96966552734375,4.959414005279541,5.8428101539611825
151,1355,8.935030937194824,9.738016128540039,7.253143310546875,7.091961860656737
152,1360,4.869007587432861,7.45461893081665,10.596155166625977,8.791687965393066
153,1365,5.089924812316895,8.63469409942627,4.555114269256592,7.555357456207275
154,1370,5.7084922790527335,7.575504779815674,5.93824577331543,9.469380378723145
155,1385,7.867166519165039,8.260523796081543,3.663203477859497,6.410606384277344
156,1390,5.036904811859131,7.53345775604248,5.861125469207764,6.799821376800537
157,1400,5.148836135864258,8.059047698974611,5.036904811859131,8.260523796081543
158,1410,7.253143310546875,5.540595531463623,4.413288116455078,7.3479552268981925
159,1420,11.14044952392578,7.422807216644287,7.521777629852295,8.826576232910156
160,1445,7.53345775604248,7.6560959815979,8.059046745300293,8.282909393310549
161,1455,7.16359806060791,6.907754898071289,10.36163330078125,8.271127700805664
162,1460,8.562738418579103,6.907755374908447,4.298158645629884,8.250929832458496
163,1475,4.029523849487306,5.925770282745361,7.16359806060791,7.61132287979126
164,1480,6.447237968444824,6.648714542388916,5.861125469207764,6.907755374908447
165,1485,8.922516822814941,4.339487552642821,6.9077558517456055,8.86495304107666
166,1490,6.399831771850586,8.059047698974611,6.447237968444824,6.044285774230957
167,1495,6.547976493835449,7.771224498748778,5.3726983070373535,8.86495304107666
168,1500,6.4920105934143075,8.327682495117188,2.954983949661255,7.129157543182372
169,1505,4.029523849487306,5.889304637908936,7.439120769500732,5.104063510894775
170,1510,6.162801265716553,6.7158732414245605,0.9298900961875916,7.253142833709718
171,1515,10.42935562133789,7.61132287979126,6.7158732414245605,7.521777153015138
172,1535,9.738015174865724,6.5092315673828125,2.6863491535186768,8.730635643005371
173,1540,6.960086345672607,6.960086345672607,8.059047698974611,9.158008575439453
174,1550,7.74908447265625,7.387460231781006,3.0221431255340576,6.960087299346924
175,1565,8.988938331604004,4.317347049713135,6.199267387390138,7.74908447265625
176,1585,5.756463050842285,6.38007926940918,2.564242362976074,8.730635643005371
177,1590,5.3726983070373535,7.74908447265625,1.2398535013198853,7.387460708618164
178,1595,6.593766689300537,5.64133358001709,5.861125469207764,8.059047698974611
179,1600,9.52432918548584,10.073809623718262,3.223618984222412,7.326406478881836
180,1610,3.296883344650269,6.593766689300537,2.1979219913482666,7.253143310546875
181,1620,6.044285774230957,8.059047698974611,6.22744607925415,9.267905235290527
182,1625,6.044285774230957,5.3726983070373535,6.3551344871521,6.044285774230957
183,1630,7.986225128173827,8.059047698974611,5.8786888122558585,7.546199321746826
184,1635,5.840259075164795,6.907754898071289,5.505454063415527,7.3479552268981925
185,1650,8.175004959106445,6.80596399307251,8.031064987182617,7.694934368133545
186,1655,7.940532207489014,7.232478141784668,6.2486820220947275,7.5446414947509775
187,1665,7.900405406951903,5.568578720092773,7.731648921966553,8.245025634765625
188,1685,7.387460231781006,8.034173965454103,6.096844673156737,7.452835559844972
189,1695,8.901823997497559,6.343777656555176,7.6041011810302725,8.157329559326174
190,1705,7.61132287979126,6.447237491607666,5.963695049285889,7.867166042327881
191,1710,6.835799217224121,7.607741355895996,6.691887378692628,7.588936805725098
192,1715,8.360321044921875,8.363801002502441,4.939416408538818,7.601147174835205
193,1720,6.736860275268555,7.101210117340088,7.460603713989258,8.624594688415527
194,1725,7.652024269104004,8.516003608703612,5.857733726501465,7.592471599578857
195,1735,6.982192516326903,7.597330570220947,7.966768741607666,7.953929424285889
196,1740,8.621307373046875,7.334638595581055,3.388463020324707,7.582437515258789
197,1755,6.8938841819763175,6.397388458251952,4.680759906768799,7.9800376892089835
198,1765,7.560549259185791,6.989990711212157,6.210207939147949,9.22421169281006
199,1770,8.142995834350586,7.796252727508545,6.020011901855469,7.702001094818115
200,1780,6.352425575256348,4.959414005279541,5.554208278656006,6.8938841819763175
201,1790,8.006715774536133,6.610230922698975,3.35793685913086,7.688517093658447
202,1795,7.753008365631103,9.02613353729248,5.47166919708252,8.001482963562013
203,1800,8.231741905212402,6.92026948928833,4.597790241241455,8.232359886169434
204,1810,7.051666259765625,5.448370456695557,4.7778639793396,8.435136795043945
205,1815,9.01046371459961,7.20773983001709,5.468639373779297,7.2915191650390625
206,1820,6.410606384277344,7.02583646774292,6.436772346496582,7.753006935119629
207,1825,7.577910423278809,6.4822773933410645,5.494805335998535,7.575505256652832
208,1835,5.959155082702638,6.633216381072997,6.1402268409729,7.326406478881836
209,1840,8.32327938079834,7.536702632904053,8.166501045227049,8.409441947937013
210,1850,6.583447456359862,7.169413089752197,6.129416465759277,8.239474296569824
211,1855,6.340573787689209,6.918617248535156,6.636862277984619,7.548263549804687
212,1865,7.0841636657714835,6.803950309753418,4.622101306915283,8.596317291259767
213,1875,6.61093807220459,7.483401775360107,11.333035469055176,8.059047698974611
214,1880,5.372698783874512,8.663476943969728,4.309351921081543,8.721435546875
215,1885,6.38007926940918,5.898288249969482,7.584986686706543,7.699268817901611
216,1890,5.252772331237793,7.129157543182372,5.231311321258545,8.338875770568848
217,1895,8.124039649963379,7.399670600891112,3.7467503547668457,7.9815568923950195
218,1905,5.941840171813965,7.376077651977539,2.9756484031677246,7.414324283599853
219,1910,4.892993450164795,6.994645595550537,6.447237968444824,7.525728225708008
220,1925,5.876388549804688,6.835799217224121,5.938246250152588,7.030233383178711
221,1930,6.907755374908447,8.401986122131348,7.318931579589844,8.059047698974611
222,1935,6.984508037567139,6.745072841644287,5.867552757263184,8.744924545288086
223,1940,7.458905696868896,6.044286251068115,9.974723815917967,9.150378227233887
224,1950,6.819194316864014,7.975100040435791,8.550453186035156,7.87995719909668
225,1955,7.172553062438965,5.494805335998535,4.717491149902344,7.980037212371826
226,1960,6.944498062133789,6.354249000549316,9.560242652893066,9.223132133483887
227,1965,4.886869430541992,6.883769989013673,4.197420597076416,7.5095672607421875
228,1990,7.9151368141174325,7.555357456207275,4.622100830078125,8.9824800491333
229,2010,9.14013957977295,9.986211776733398,4.132844924926759,7.5288472175598145
230,2015,8.651625633239746,7.950140953063965,5.81001091003418,8.174177169799805
231,2025,7.542442321777344,7.771224021911621,9.91045093536377,9.358893394470217
232,2030,4.2416043281555185,7.822017192840576,7.675283432006836,7.555356979370117
233,2040,7.570620536804199,5.137642860412598,8.65162467956543,9.670857429504396
234,2075,7.790413379669189,8.83895492553711,3.4922537803649902,8.327683448791504
235,2080,10.38377285003662,4.936166286468506,2.6863491535186768,7.8469672203063965
236,2095,7.555357456207275,5.7084922790527335,2.686349391937256,6.22744607925415
237,2100,7.022884845733643,7.703502178192139,6.76960039138794,6.799821376800537
238,2105,8.533109664916992,6.369247913360597,3.525833368301392,7.01435661315918
239,2110,7.253142356872559,9.210339546203613,5.820423126220702,7.303512096405028
240,2120,6.608419418334961,9.158008575439453,7.924729824066162,7.7086548805236825
241,2130,8.506772041320799,5.64133358001709,2.9848325252532963,6.5306077003479
242,2140,5.494804859161377,8.506772041320799,7.539108753204347,5.734322547912598
243,2150,5.514085292816162,8.791688919067383,7.253143310546875,8.663476943969728
244,2175,9.832038879394533,7.091961860656737,9.33152961730957,6.776926040649414
245,2195,7.736685752868652,6.044285774230957,5.93824577331543,8.059047698974611
246,2200,10.073808670043944,5.3726983070373535,3.663203477859497,7.483401298522949
247,2205,6.715872764587402,9.066428184509276,3.6265716552734375,7.387460708618164
248,2210,3.6265711784362793,8.442811965942383,3.0221428871154785,6.907755374908447
249,2220,6.044285774230957,6.83267068862915,5.036904811859131,8.608529090881348
250,2225,7.1830644607543945,8.69528865814209,4.605170249938965,7.358261108398437
251,2240,5.948344230651856,5.302004814147949,8.059047698974611,7.129158020019531
252,2255,4.605170249938965,6.636862754821777,8.059046745300293,7.904065608978271
253,2270,4.977647304534912,4.835428714752197,6.907755374908447,8.27112865447998
254,2285,6.296131134033202,8.242208480834961,4.298158645629884,7.8469672203063965
255,2290,3.4922540187835693,7.253143310546875,7.16359806060791,7.634886741638184
256,2295,7.422807216644287,6.044285774230957,5.861125469207764,7.822017192840576
257,2300,9.007171630859375,6.044285774230957,6.9077558517456055,8.310893058776855
258,2305,10.409603118896484,7.387460708618164,5.3726983070373535,6.715873718261719
259,2315,8.369011878967285,8.596317291259767,3.4922540187835693,8.059047698974611
260,2320,7.439120769500732,7.303511619567871,7.439120769500732,2.3025851249694824
261,2325,8.922516822814941,6.4920101165771475,0.3099632859230041,5.269377708435059
262,2330,4.835428714752197,6.044285774230957,3.1660542488098145,2.8782315254211426
263,2335,7.771224498748778,6.819193840026856,3.0221431255340576,5.2383809089660645
264,2340,6.939735412597656,5.90996789932251,5.269377708435059,3.719560384750366
265,2345,5.372698783874512,8.059047698974611,2.6863491535186768,2.1697435379028316
266,2355,8.059047698974611,6.7158732414245605,8.059047698974611,6.044285774230957
267,2365,10.073809623718262,6.178603649139403,4.959414005279541,8.596317291259767
268,2370,7.692727565765381,8.394841194152832,8.791687965393066,2.5904080867767334
269,2385,4.835428714752197,7.051666736602782,6.819193840026856,6.85019063949585
270,2390,6.380079746246338,4.76216459274292,1.2398535013198853,3.296883344650269
271,2410,4.959414005279541,10.538755416870117,3.223618984222412,6.509231090545653
272,2425,6.960087299346924,6.199267864227295,8.791687965393066,4.029523849487306
273,2430,10.476762771606444,5.861125469207764,6.593766689300537,6.593766689300537
274,2440,9.416587829589844,4.76216459274292,6.447237491607666,5.2693772315979
275,2445,5.230375289916992,7.051666736602782,6.646097660064697,6.724268436431885
276,2455,8.430188179016112,8.49598503112793,5.388316631317139,6.306090831756593
277,2465,7.09196138381958,6.515825748443604,6.30708122253418,6.140227317810059
278,2480,7.961558818817139,7.764204025268555,6.425457000732423,5.695868492126465
279,2485,8.907367706298828,7.129158020019531,4.429145812988281,6.094238758087157
280,2515,7.419440269470215,7.844139575958253,6.440042972564697,6.22744607925415
281,2530,8.101463317871094,6.596479892730713,5.156057834625244,4.865277290344238
282,2535,5.9867210388183585,6.962779998779298,7.420707702636719,4.998159408569336
283,2540,6.00554084777832,5.501176357269287,6.156217098236084,2.471892833709717
284,2550,7.6348876953125,8.27112865447998,7.659171104431152,4.237231254577637
285,2555,5.8344154357910165,7.167902946472168,4.820364952087402,8.169951438903809
286,2560,4.879790306091309,8.313161849975586,3.4342534542083736,6.677497386932372
287,2570,7.169412136077881,6.687294960021973,4.486480236053467,6.1503257751464835
288,2575,8.226944923400879,7.317986011505128,4.599355697631836,3.1257057189941406
289,2580,6.044285774230957,9.418404579162598,6.1153950691223145,5.1411166191101065
290,2585,8.15275764465332,7.1830644607543945,6.020011901855469,3.5991861820220947
291,2595,6.2351579666137695,7.2822723388671875,6.2632813453674325,6.760645389556885
292,2600,4.825479507446289,8.824657440185547,3.9750704765319824,4.552838802337647
293,2620,7.548981189727782,7.950140953063965,4.752771854400635,6.044285774230957
294,2625,8.600327491760254,7.2268638610839835,6.1402268409729,9.178359985351562
295,2655,6.939735889434815,8.346870422363281,8.596317291259767,1.0825586318969729
296,2665,9.381235122680664,8.425368309020996,6.015908718109131,9.241042137145996
297,2670,6.268147945404053,7.631674289703369,6.55469274520874,4.807151317596436
298,2675,8.673720359802246,8.273955345153809,6.755378246307372,5.092870712280273
299,2680,6.1902828216552725,6.447237968444824,6.434239387512207,7.929063320159912
300,2685,6.889186382293701,7.310707569122314,4.503585338592528,6.861081123352051
301,2690,5.97481107711792,5.448370456695557,11.333035469055176,6.2813167572021475
302,2695,7.90406608581543,4.701111316680908,4.253386497497559,5.726165771484375
303,2700,8.254024505615233,7.705580711364746,7.584986686706543,6.434239387512207
304,2705,6.824193477630615,7.98301887512207,5.3020052909851065,6.075282096862793
305,2710,7.647871494293213,6.404064655303955,3.08510422706604,3.4418849945068364
306,2715,6.478842258453369,5.50184965133667,3.958830356597901,5.269377708435059
307,2720,6.694209575653076,6.739031791687013,3.9534952640533447,5.8950443267822275
308,2730,6.850190162658691,6.601560592651367,6.351622581481934,3.3579366207122803
309,2735,8.864952087402344,7.590497970581055,6.85019063949585,3.00506854057312
310,2740,8.935030937194824,9.086180686950684,5.938246250152588,2.2386243343353267
311,2745,6.044286251068115,7.594101905822754,5.867552757263184,5.734322547912598
312,2755,6.740294456481934,7.639305114746094,6.399831771850586,5.480152606964111
313,2760,7.894577503204347,5.660521984100343,9.974723815917967,6.89496374130249
314,2765,7.183064937591553,7.16359806060791,4.717491149902344,5.168302536010742
315,2775,7.754932880401611,7.904065608978271,5.767750263214111,2.634688377380371
316,2785,6.1628007888793945,7.253142356872559,4.959414005279541,4.81577205657959
317,2795,6.636862754821777,7.716110706329347,8.154988288879395,7.716109752655028
318,2800,7.4269652366638175,7.4834022521972665,7.095465660095215,5.557963371276856
319,2815,8.321843147277832,6.1676387786865225,8.624594688415527,5.336396217346191
320,2820,6.428049564361572,6.135865688323975,4.740616798400879,8.177562713623049
321,2825,5.503740310668945,6.631924152374268,2.8443698883056636,4.682960510253906
322,2835,6.422053337097168,8.289306640625,5.622591018676758,7.6303749084472665
323,2840,7.7843074798583975,7.947116374969482,9.80154514312744,5.8072547912597665
324,2845,6.471659183502197,5.93824577331543,7.867165565490723,8.184969902038574
325,2855,7.1775898933410645,7.756833553314209,4.029523849487306,7.210727214813232
326,2865,8.669581413269043,9.402222633361816,2.0147619247436523,4.749082088470459
327,2870,10.6727933883667,6.044285774230957,3.6126766204833984,4.3562421798706055
328,2880,4.939416885375977,7.897866725921631,5.036904335021973,6.56663179397583
329,2885,5.756462574005128,7.483401775360107,8.65162467956543,3.8329615592956543
330,2890,6.4920105934143075,7.6690940856933585,3.4922537803649902,3.581799030303955
331,2895,7.669094562530518,6.425457000732423,3.6457595825195312,4.605170726776123
332,2900,6.7865662574768075,7.575504779815674,4.461258888244629,4.9505577087402335
333,2905,5.002167224884033,6.865114688873291,2.6863491535186768,3.8802824020385738
334,2910,5.507016181945801,8.490782737731934,2.686349391937256,5.820423126220702
335,2915,6.044285774230957,7.584986209869385,6.76960039138794,6.380079746246338
336,2920,9.018458366394043,7.439120769500732,3.223618984222412,4.622100830078125
337,2930,6.76960039138794,6.7158732414245605,5.820423126220702,7.521778583526611
338,2935,6.2527098655700675,6.332108974456787,4.775732040405273,5.969665050506593
339,2940,4.533214569091797,7.73668622970581,2.9848325252532963,7.40912389755249
340,2955,6.62921667098999,6.286057949066162,8.193365097045897,7.225353240966798
341,2960,5.419015407562256,6.410606384277344,7.149155139923097,4.178765773773193
342,2965,6.362406253814697,4.6794471740722665,3.296883344650269,2.8782312870025635
343,2975,5.480152606964111,6.7158732414245605,5.835862159729004,7.387460708618164
344,2980,8.663476943969728,7.920098304748535,4.649450302124023,7.533457279205322
345,2985,6.960087299346924,6.245762348175049,7.253143310546875,4.835428714752197
346,2990,4.701111316680908,8.059047698974611,5.2559003829956055,6.1402268409729
347,3000,8.778605461120605,5.7084922790527335,9.33152961730957,6.131884574890138
348,3010,10.604010581970217,7.219563961029053,5.726165294647218,1.6966415643692017
349,3015,6.574486255645753,7.867165565490723,3.2968828678131104,6.296130657196045
350,3020,6.960087299346924,5.64133358001709,5.861125469207764,5.925770282745361
351,3030,7.875887870788574,7.867165565490723,5.288750171661377,6.998645782470702
352,3040,7.2915191650390625,7.312839031219482,5.756462574005128,6.447237968444824
353,3050,7.7086548805236825,6.1503257751464835,4.605170249938965,2.8782312870025635
354,3055,6.199267387390138,5.820423126220702,2.820666790008545,0.8634694218635559
355,3060,5.60629415512085,8.907368659973145,6.447238445281982,5.756462574005128
356,3075,9.133587837219238,6.998645782470702,3.581799030303955,4.533214092254639
357,3095,6.044285774230957,5.93824577331543,8.059048652648926,10.391929626464844
358,3100,6.296131134033202,9.62608528137207,7.16359806060791,8.533109664916992
359,3110,5.089924812316895,7.387460708618164,6.593766689300537,7.129157543182372
360,3115,7.483401775360107,7.790412425994872,6.178603172302246,4.432476043701172
361,3125,7.303512096405028,5.269377708435059,0.3099632859230041,3.81744384765625
362,3145,9.608864784240724,6.547976493835449,2.8782315254211426,4.892993450164795
363,3150,8.678974151611326,5.820423603057861,4.959414005279541,6.984508037567139
364,3160,7.326406478881836,7.16359806060791,2.6863491535186768,8.059047698974611
365,3170,7.051666736602782,4.43247652053833,12.08857250213623,8.059047698974611
366,3190,6.509230613708496,7.387460708618164,6.5092315673828125,8.369011878967285
367,3205,10.22879123687744,7.7712249755859375,2.350555419921875,5.3726983070373535
368,3210,5.238381385803223,7.387460231781006,1.465281367301941,6.447237968444824
369,3220,5.57934045791626,3.525833368301392,2.4797070026397705,5.861125469207764
370,3225,4.76216459274292,7.129157543182372,4.395843982696533,4.649450778961182
371,3230,6.447237968444824,7.692727565765381,9.21034049987793,5.238381385803223
372,3235,8.059047698974611,8.425368309020996,3.223618984222412,2.930562734603882
373,3240,10.476761817932127,5.861125469207764,8.791687965393066,9.670857429504396
374,3245,5.64133358001709,4.76216459274292,1.465281367301941,7.253142356872559
375,3250,6.044285774230957,7.326406955718994,6.593766689300537,1.0989609956741333
376,3255,6.5731611251831055,7.450818061828612,6.677497386932372,6.365108013153076
377,3260,8.447434425354004,8.752874374389647,5.0837602615356445,6.61131477355957
378,3280,8.201938629150389,7.1919355392456055,7.779219627380371,6.725136280059815
379,3285,5.896141052246094,8.690177917480469,6.365479469299316,8.167953491210938
380,3295,8.456324577331543,6.554691791534424,6.873893737792969,6.519993782043457
381,3305,7.555356979370117,4.560359477996826,6.690042972564697,3.0659420490264893
382,3310,5.734323024749756,8.250929832458496,7.605726718902588,4.2631192207336435
383,3315,6.199267387390138,7.921989440917969,5.002167701721191,4.293755054473877
384,3320,7.421040058135986,7.9695024490356445,6.4822773933410645,7.570620536804199
385,3325,6.886276245117188,8.455394744873049,4.262637138366698,8.3587646484375
386,3330,6.9779558181762695,6.843794345855713,7.6041016578674325,4.16056489944458
387,3335,7.920098304748535,7.141757488250732,5.8428101539611825,6.1760926246643075
388,3340,8.059047698974611,9.15479564666748,6.260153770446777,5.002167701721191
389,3345,7.15013313293457,6.413658618927003,7.420707702636719,4.787552833557129
390,3355,8.354792594909668,6.895886421203612,6.22744607925415,8.54959774017334
391,3360,6.646637439727782,6.1175498962402335,6.305458545684815,6.332108974456787
392,3365,8.848336219787598,7.122896671295166,7.505372047424316,4.444938659667969
393,3370,6.022145748138428,6.065494060516357,4.594410419464111,5.6413331031799325
394,3375,8.629262924194336,6.467555046081543,3.296883344650269,7.306279182434082
395,3385,6.589456558227539,6.41434383392334,4.652646064758301,6.312920570373535
396,3390,7.830097675323486,7.550467014312744,4.7214622497558585,4.863218307495117
397,3395,6.845335483551025,7.410618782043457,6.895886421203612,6.110706329345702
398,3405,7.3793697357177725,7.113343715667725,5.777268886566162,6.405910015106201
399,3410,8.433886528015138,7.967467784881593,6.131884574890138,6.696120262145996
400,3415,7.885735034942628,6.700254917144775,5.227490425109863,9.416821479797363
401,3420,9.808709144592283,5.630294322967528,3.2546155452728267,4.645803928375244
402,3425,7.2531418800354,7.417986869812013,5.259589195251465,4.078664302825929
403,3430,7.446967601776122,8.156145095825195,4.138429641723634,6.1902828216552725
404,3435,5.408044815063477,7.2337236404418945,4.752771854400635,6.605776786804199
405,3440,6.799821376800537,6.803092002868652,4.720299243927002,6.612552165985107
406,3445,8.972406387329102,5.309490203857422,6.579855442047119,4.835428714752197
407,3460,10.131373405456543,7.945539474487305,6.012305736541747,3.715534925460816
408,3470,7.387460708618164,5.981973648071289,8.542590141296388,4.847108364105225
409,3480,6.856204509735107,7.422807216644287,6.399832248687744,4.083976745605469
410,3495,6.539719581604004,6.324113845825195,6.1742706298828125,6.1318840980529785
411,3500,7.051666259765625,9.21906280517578,4.1480393409728995,5.50184965133667
412,3505,6.593766212463379,7.332412242889403,11.333035469055176,6.417389869689941
413,3510,9.707489013671877,8.118306159973145,4.141455173492432,10.113314628601074
414,3515,5.093926906585693,6.0112571716308585,7.34795618057251,8.296078681945799
415,3520,5.91430139541626,4.3027119636535645,5.3726983070373535,4.494469165802002
416,3525,9.3141450881958,6.96629524230957,3.211026668548584,7.790412425994872
417,3530,7.996086120605469,9.821964263916016,2.9756484031677246,9.811014175415039
418,3540,8.32327938079834,7.240550518035889,3.8774666786193848,3.55144476890564
419,3545,8.425368309020996,6.907755374908447,6.215028285980225,2.518452405929565
420,3550,7.743006706237793,5.557964324951172,5.867552757263184,6.1992669105529785
421,3570,8.538752555847168,4.835428714752197,4.717491149902344,5.5607428550720215
422,3590,7.483401298522949,7.287436485290527,9.4022216796875,4.339487552642821
423,3595,7.1830644607543945,4.409667491912842,3.4764521121978764,6.984508037567139
424,3605,7.88757848739624,5.9156837463378915,4.959414005279541,4.2416043281555185
425,3610,7.764204978942871,7.572726249694824,7.867165565490723,4.458196640014648
426,3615,7.700868129730225,5.95270586013794,4.701111316680908,6.85019063949585
427,3620,10.476761817932127,3.948933362960816,2.057629108428955,7.555356979370117
428,3625,6.258622169494629,6.425457000732423,7.62105655670166,3.8504335880279537
429,3630,6.268148422241211,7.37108039855957,4.442808628082275,3.484993696212769
430,3645,7.3479557037353525,5.8809261322021475,2.8443698883056636,4.4900407791137695
431,3650,8.214029312133789,6.547976493835449,5.622591018676758,8.059047698974611
432,3655,8.303261756896973,5.641334056854247,8.059046745300293,5.166056156158447
433,3675,8.888656616210938,7.104686737060548,4.029523849487306,1.0073809623718262
434,3680,5.674228191375732,4.029523849487306,6.38007926940918,10.631084442138672
435,3690,5.880927085876465,5.096162796020508,3.6126766204833984,5.280065059661865
436,3695,7.129158020019531,5.154041767120361,5.036904335021973,3.9036011695861816
437,3700,7.9200987815856925,7.539108753204347,8.65162467956543,8.059047698974611
438,3705,10.822150230407717,3.93124270439148,3.261995553970337,5.036904811859131
439,3715,6.447238445281982,3.8995389938354488,2.2833969593048096,4.4772491455078125
440,3730,9.748847007751463,8.260523796081543,6.608419418334961,6.715872764587402
441,3735,7.483401775360107,6.819193840026856,3.223618984222412,3.6791305541992183
442,3745,7.253142833709718,4.281369209289552,5.0742154121398935,3.379600524902344
443,3750,8.226943969726562,4.869008541107178,4.775732040405273,2.6863491535186768
444,3755,8.562738418579103,3.6841356754302983,6.9845075607299805,9.993219375610352
445,3760,6.509231090545653,5.459355354309082,2.5371077060699463,4.407291889190674
446,3765,6.22744607925415,5.671181678771973,2.8355908393859863,6.162801265716553
447,3770,3.880282163619995,6.044285774230957,7.149155139923097,4.446371078491211
448,3780,4.513066291809082,5.756462574005128,5.97481107711792,6.118906021118164
449,3795,8.86495304107666,5.792440414428711,4.959414005279541,9.341169357299805
450,3800,8.69528865814209,7.326406955718994,9.551464080810547,6.4822773933410645
451,3810,5.963695049285889,6.1402268409729,5.238381385803223,2.6863491535186768
452,3820,5.036904811859131,4.3799171447753915,8.907368659973145,5.311645030975342
453,3825,5.311645030975342,9.878832817077637,4.029524326324463,9.670857429504396
454,3830,7.4834022521972665,7.364302635192871,3.113723039627075,6.410606384277344
455,3835,7.6348876953125,5.036904335021973,5.494804859161377,5.223456859588623
456,3845,4.892992973327637,2.417714357376098,3.0221428871154785,8.826576232910156
457,3850,6.574486255645753,6.547976493835449,5.288750171661377,5.820423603057861
458,3855,7.822017192840576,8.059047698974611,8.226944923400879,7.253142356872559
459,3860,10.521533966064453,8.974848747253418,5.756463050842285,9.918828010559082
460,3865,5.925770282745361,4.503584861755371,4.605170249938965,1.208857178688049
461,3870,7.521777153015138,4.701111316680908,4.029523849487306,2.820666790008545
462,3875,7.210727214813232,6.332108974456787,4.797051906585693,5.726165771484375
463,3880,8.596317291259767,7.253143310546875,4.605170249938965,7.422807216644287
464,3895,5.214677810668945,7.051666259765625,9.21034049987793,1.5110713243484497
465,3900,6.9077558517456055,5.92577075958252,5.372698783874512,5.036904811859131
466,3920,7.439120769500732,4.785059928894043,7.16359806060791,2.7702975273132324
467,3925,5.889304637908936,5.238381385803223,7.483401775360107,3.0221428871154785
468,3935,5.925770282745361,6.044285774230957,6.178603649139403,6.162801265716553
469,3945,5.104063510894775,4.533214569091797,4.029523849487306,4.977646827697754
470,3950,5.036904811859131,8.461999893188478,7.129157543182372,5.288749694824219
471,3955,7.439121723175049,5.3020052909851065,0.3099632859230041,10.649456977844238
472,3960,6.819193840026856,5.451708793640137,3.453877687454224,5.756462097167969
473,3965,8.327682495117188,5.756462574005128,2.6863491535186768,6.619932651519775
474,3970,6.22744607925415,4.029523849487306,4.959414005279541,2.417714357376098
475,3975,8.814582824707031,6.547976493835449,6.7158732414245605,9.066428184509276
476,3980,4.339487075805663,4.029523849487306,2.6863491535186768,5.64133358001709
477,3990,10.745396614074707,9.402222633361816,5.468639373779297,5.2383809089660645
478,3995,7.74908447265625,8.059047698974611,4.029523849487306,5.180816173553467
479,4000,6.593766689300537,6.907755374908447,2.6863491535186768,-1.1920928244535387e-07
480,4010,6.447237968444824,6.85019063949585,3.3579366207122803,2.0147619247436523
481,4025,6.044286251068115,5.64133358001709,4.959414005279541,7.253143310546875
482,4030,8.059047698974611,8.86495304107666,1.465281367301941,7.692727565765381
483,4035,6.044286251068115,8.596317291259767,2.4797070026397705,7.7232537269592285
484,4040,4.835428714752197,4.76216459274292,4.395843982696533,2.1979219913482666
485,4045,8.461999893188478,7.692726612091064,3.223618984222412,5.861125469207764
486,4055,6.22744607925415,6.044285774230957,8.059047698974611,4.029523849487306
487,4060,4.76216459274292,6.960086345672607,1.465281367301941,4.029523849487306
488,4065,7.755454063415527,6.22744607925415,6.8847293853759775,5.070115566253662
489,4075,7.197117328643799,6.38007926940918,6.044286251068115,7.383127689361572
490,4080,6.915534496307372,8.461999893188478,6.328418254852295,5.955399036407472
491,4090,6.6540164947509775,8.569454193115233,5.668197154998778,5.572746276855469
492,4105,8.392525672912598,7.802835464477539,6.180418491363525,6.9845075607299805
493,4115,7.509566783905028,7.292562007904053,6.933151721954347,5.699416637420653
494,4120,7.662200450897218,5.944262027740479,6.22509765625,4.098404407501222
495,4125,6.8442649841308585,7.594101905822754,6.5173163414001465,5.7139973640441895
496,4140,8.66499137878418,6.85578727722168,6.003990650177003,4.716034889221191
497,4155,8.986194610595703,6.9297542572021475,6.296131610870361,6.741703987121582
498,4160,8.678975105285645,5.286963939666748,7.221225261688232,6.0950775146484375
499,4170,8.518553733825684,4.863218307495117,6.447238445281982,7.895246028900146
500,4175,9.744121551513672,5.343498706817627,6.417389869689941,5.900374412536621
501,4180,8.059047698974611,7.13484525680542,4.519092082977295,7.827466011047362
502,4190,8.454098701477049,7.329895496368407,7.071419715881348,7.115967273712157
503,4195,6.08905839920044,6.166923522949219,6.115394592285156,5.743229389190674
504,4215,9.587488174438477,6.703319549560548,5.583075046539307,6.352425575256348
505,4225,7.753007888793945,4.1845059394836435,6.088085174560548,7.153536796569824
506,4230,7.1830644607543945,5.789546012878418,4.955225944519043,3.178846597671509
507,4235,8.549124717712402,5.762651920318604,3.2546155452728267,8.853601455688477
508,4240,8.527596473693848,7.202773094177246,4.192883014678955,5.4490156173706055
509,4250,8.854348182678223,5.675995826721191,4.959414482116699,3.817443370819092
510,4255,8.433887481689451,4.197421073913573,4.835428714752197,8.483207702636719
511,4260,9.21034049987793,6.332108974456787,4.0295233726501465,5.162827491760254
512,4265,10.726479530334473,7.104686737060548,6.477842807769775,7.434755325317383
513,4275,7.926932334899902,6.279777050018311,5.948344707489014,2.649549961090088
514,4285,7.9311256408691415,7.204299449920653,8.488862991333008,7.790412425994872
515,4295,7.9997901916503915,7.776273727416992,5.561878204345703,8.759833335876465
516,4300,10.543920516967773,6.8811869621276855,6.608419418334961,7.23948335647583
517,4305,9.38303279876709,7.387459754943848,6.222058773040772,3.973558187484741
518,4310,9.021322250366213,4.649450778961182,6.1742706298828125,6.204187870025635
519,4315,9.112922668457033,7.1342387199401855,7.11092472076416,4.5106611251831055
520,4335,8.791688919067383,6.486550807952881,5.3020057678222665,2.944652318954468
521,4340,8.001482963562013,7.036631107330322,3.1480655670166016,3.3476042747497563
522,4345,9.2883939743042,8.406420707702638,4.877843856811523,4.513066291809082
523,4350,10.372292518615724,6.757201194763184,6.419919490814209,4.096682548522948
524,4365,8.364314079284668,7.171186447143555,7.575505256652832,4.819626808166504
525,4370,10.154400825500488,6.907755374908447,5.867552757263184,7.011370658874513
526,4375,8.059047698974611,5.714597225189209,6.989990234375,7.790412902832031
527,4380,8.799164772033691,5.918362617492676,5.726165771484375,4.853744983673097
528,4385,7.917660713195801,3.952033042907715,9.380203247070312,7.2348270416259775
529,4395,8.217068672180176,4.701111316680908,9.238421440124512,4.924973487854004
530,4400,6.840819835662843,6.690529823303223,4.520928859710693,2.4797070026397705
531,4405,7.630374431610107,6.2498741149902335,9.24420166015625,9.744121551513672
532,4410,8.059046745300293,6.091141223907472,3.6344726085662837,5.19360876083374
533,4420,7.4967894554138175,5.058338165283203,7.291520118713379,5.7420716285705575
534,4430,8.747014045715332,4.358464241027832,4.617163181304932,7.210727214813232
535,4435,9.768542289733887,8.621307373046875,2.657771110534668,2.552031755447388
536,4440,9.939491271972656,7.7086548805236825,8.234243392944336,5.494804859161377
537,4445,8.749822616577147,8.612119674682617,8.69528865814209,4.730310440063477
538,4450,8.246467590332031,4.3562421798706055,4.54612922668457,5.408045291900635
539,4460,10.955267906188963,6.619931697845459,3.0814006328582764,4.856093406677246
540,4465,9.158008575439453,5.992625236511231,5.622591018676758,4.605170249938965
541,4470,7.828789234161378,8.059047698974611,4.877844333648682,7.4391212463378915
542,4480,7.279139518737793,6.5306077003479,7.867165565490723,3.19003963470459
543,4485,8.66347599029541,6.044286251068115,4.503585815429688,5.280066013336182
544,4495,7.960766315460205,6.101850509643555,2.0147619247436523,2.574418067932129
545,4500,8.483207702636719,6.593766689300537,8.770139694213867,4.605170249938965
546,4520,9.103739738464355,2.989646673202514,3.8952066898345943,2.6863489151000977
547,4525,8.31901741027832,3.158275365829468,6.907755374908447,4.1480393409728995
548,4535,10.073809623718262,5.372698783874512,2.1826589107513428,7.303512096405028
549,4540,10.793368339538574,3.911008596420288,1.8804444074630735,5.324727535247803
550,4545,9.488879203796387,7.051666259765625,6.286056995391847,4.939416885375977
551,4550,9.440598487854004,5.8322062492370605,3.273988008499145,4.324367046356201
552,4555,7.3035125732421875,3.8905746936798096,3.223618984222412,6.044285774230957
553,4560,8.059047698974611,5.324728488922119,4.775732040405273,4.4900407791137695
554,4565,8.059047698974611,5.1411166191101065,7.387460708618164,11.28266716003418
555,4575,6.58155632019043,7.462081909179687,2.5371077060699463,2.984832763671875
556,4580,9.58748722076416,3.3848001956939697,2.5371077060699463,5.909968376159668
557,4585,8.490782737731934,5.64133358001709,8.059047698974611,7.387460708618164
558,4600,10.67823886871338,7.284139156341553,3.480043649673462,2.686349630355835
559,4605,8.346871376037598,2.417714357376098,6.113759994506836,5.3726983070373535
560,4610,8.490781784057617,7.195578575134277,5.269377708435059,4.701111316680908
561,4615,9.78598690032959,6.4920101165771475,9.402222633361816,6.523991107940674
562,4625,7.835184574127197,7.219563961029053,6.850190162658691,1.4845614433288574
563,4655,5.596560478210449,7.723254680633545,4.945324897766113,7.891151428222656
564,4660,8.730634689331055,7.503251075744629,3.273988008499145,3.861627340316773
565,4665,10.476762771606444,4.804432392120361,7.891151428222656,5.820423603057861
566,4675,9.570119857788086,5.64133358001709,4.029523849487306,5.114395618438722
567,4695,7.675283432006836,4.2416043281555185,3.453877687454224,5.57934045791626
568,4710,7.61132287979126,5.93824577331543,4.029523849487306,4.988934516906738
569,4725,7.867165565490723,3.6457595825195312,7.835185527801514,5.514085292816162
570,4740,6.199267864227295,5.925770282745361,8.791687965393066,3.261995553970337
571,4745,6.332108497619629,5.238381385803223,6.178603172302246,7.857571601867676
572,4755,7.675284385681152,9.133587837219238,6.447237968444824,3.453877687454224
573,4760,9.133587837219238,5.925770282745361,7.253143310546875,1.465281367301941
574,4765,6.7158732414245605,3.880281686782837,5.889304637908936,6.574486255645753
575,4770,10.538755416870117,10.476761817932127,5.180816650390625,6.044286251068115
576,4780,6.1992669105529785,6.447237968444824,4.3653178215026855,2.6863491535186768
577,4785,7.129157543182372,6.85019063949585,5.57934045791626,5.180816650390625
578,4790,8.86495304107666,6.7158732414245605,9.402222633361816,9.670857429504396
579,4795,7.129158020019531,4.835428714752197,4.3653178215026855,5.3726983070373535
580,4800,9.066429138183594,8.678975105285645,6.044286251068115,6.044286251068115
581,4805,9.608864784240724,4.959414005279541,4.605170249938965,3.693730115890503
582,4810,6.715873718261719,7.74908447265625,5.269377708435059,5.7084922790527335
583,4815,8.059047698974611,6.044285774230957,10.745396614074707,4.892993450164795
584,4820,8.425368309020996,7.439121723175049,11.35593032836914,5.64133358001709
585,4830,6.819194316864014,5.288750171661377,5.889304161071777,9.670857429504396
586,4835,7.74908447265625,8.059047698974611,4.029523849487306,7.387460708618164
587,4845,9.670857429504396,6.960086345672607,2.78967022895813,2.1979219913482666
588,4855,6.960086345672607,7.656095027923584,3.663203477859497,2.014761686325073
589,4860,7.656095027923584,5.579340934753418,6.447237968444824,7.326406955718994
590,4870,6.593766689300537,5.889304161071777,1.8316017389297483,6.593766689300537
591,4880,8.903559684753418,4.76216459274292,6.960086345672607,6.6574745178222665
592,4885,8.159159660339355,3.3579366207122803,8.22022819519043,7.171593189239503
593,4890,8.525047302246094,4.3653178215026855,7.341460704803468,8.111041069030763
594,4895,6.858763694763184,2.417714357376098,4.006096363067627,7.712134838104247
595,4910,8.168694496154785,2.6863491535186768,7.303511619567871,4.446371078491211
596,4915,8.439789772033691,7.776724815368652,5.560742378234863,5.844143867492676
597,4920,7.4438538551330575,6.058779716491699,7.53345775604248,3.9987642765045166
598,4925,7.936941623687744,8.843317031860352,7.7627601623535165,4.168473243713379
599,4935,9.776549339294434,5.044594764709473,5.708491802215576,6.286056995391847
600,4940,8.433887481689451,7.781149864196777,7.885735034942628,5.328296661376953
601,4950,8.059047698974611,4.566793918609619,4.308797836303712,5.339938163757324
602,4980,8.66855525970459,5.8273115158081055,6.641252517700195,4.3328213691711435
603,4985,8.258529663085938,5.607519149780273,6.644100666046143,5.681629180908202
604,4995,6.919384479522705,6.654259204864503,6.3603272438049325,7.073214054107666
605,5000,8.197997093200684,4.775732040405273,4.029523849487306,5.314803123474121
606,5010,10.261229515075684,5.255900859832764,6.314305782318115,5.96966552734375
607,5015,8.440792083740233,7.539108753204347,6.227445125579834,6.684269428253174
608,5020,8.10146427154541,8.09052848815918,7.435925483703612,6.6432695388793945
609,5025,7.857571601867676,8.20691967010498,4.612105846405028,7.602091789245605
610,5035,8.487720489501951,5.39877986907959,6.83267068862915,5.516144275665283
611,5040,8.421252250671388,5.839889526367188,3.5645787715911865,4.612105369567871
612,5045,6.771838665008545,4.503585338592528,5.089924812316895,5.8701701164245605
613,5055,7.231063842773437,5.70413064956665,5.227490425109863,7.535732746124268
614,5060,7.253143310546875,5.726166248321532,4.649450302124023,7.5966434478759775
615,5065,8.791687965393066,7.263092994689941,6.907754421234131,8.342816352844237
616,5070,9.02817440032959,9.054576873779297,5.965788841247559,5.686106204986572
617,5085,7.783053398132324,5.159756660461426,6.178603649139403,6.6990838050842285
618,5095,7.771224498748778,7.3167667388916025,9.066428184509276,6.044286251068115
619,5120,7.794816493988037,5.273935794830322,6.694209098815918,4.157444953918457
620,5125,9.228909492492676,5.583768844604492,5.273935317993164,8.994473457336426
621,5130,8.455394744873049,7.475058555603027,5.876389503479004,7.002123832702638
622,5135,8.341821670532228,7.555357933044434,7.493500232696532,7.364302635192871
623,5145,9.165191650390623,8.473852157592772,5.099866390228272,7.067164897918701
624,5155,8.146646499633789,5.773645877838135,7.422806739807129,6.832671642303468
625,5160,9.17359733581543,4.70111083984375,4.257610321044922,7.584986209869385
626,5165,8.581393241882324,7.739243984222412,6.96629524230957,5.487011432647705
627,5175,9.066428184509276,7.5461997985839835,8.461999893188478,5.57934045791626
628,5180,8.059048652648926,9.503594398498537,7.8469672203063965,6.044285774230957
629,5185,7.675282955169678,3.5151166915893555,7.318931102752685,6.799821853637695
630,5190,6.799821853637695,4.749081611633301,8.719625473022461,7.088976860046388
631,5195,7.969502925872803,8.902436256408691,8.353890419006348,5.3726983070373535
632,5210,7.736685752868652,4.029523849487306,4.226086139678955,7.828789234161378
633,5215,7.575504779815674,7.272799015045166,5.084875583648682,7.432232856750487
634,5220,9.955294609069824,8.667277336120605,4.701111316680908,5.9037208557128915
635,5245,7.784308910369872,6.461133003234862,5.315542221069336,6.38007926940918
636,5250,7.30936861038208,6.044285774230957,10.073809623718262,6.199267387390138
637,5255,7.955726623535156,4.779202461242676,5.333193302154541,6.319025993347168
638,5260,10.745396614074707,5.609729766845703,4.856093406677246,6.399831771850586
639,5270,8.575652122497559,5.889303684234619,3.792493104934693,8.15275764465332
640,5275,8.61484432220459,4.40436315536499,6.747109413146973,5.2088966369628915
641,5280,6.715872764587402,5.658481121063232,8.821390151977539,7.0788936614990225
642,5285,9.24420166015625,7.929062843322754,5.909968852996826,6.105339050292969
643,5290,8.533109664916992,7.022884845733643,5.4846296310424805,6.25270938873291
644,5315,8.506772041320799,7.555357456207275,2.501083850860596,5.925770282745361
645,5320,8.614845275878906,6.669556617736816,6.749453067779541,7.915135860443115
646,5325,9.348496437072754,7.405611515045166,10.547871589660645,7.387460231781006
647,5330,8.63469409942627,4.76216459274292,4.163840770721436,6.044286251068115
648,5335,8.999269485473633,5.775650501251222,1.208857178688049,5.876388549804688
649,5340,8.562738418579103,6.156217575073242,6.124876022338867,8.208290100097656
650,5360,9.509676933288574,7.195578575134277,3.9036011695861816,5.540594577789307
651,5365,8.596317291259767,7.448513984680176,5.318971633911133,8.059047698974611
652,5370,9.57011890411377,4.939416885375977,6.118906497955322,7.3128395080566415
653,5375,8.346871376037598,6.930781841278076,4.178765773773193,7.439120769500732
654,5380,7.950141906738281,5.080704212188722,7.656095504760742,6.044285297393799
655,5385,8.336946487426758,3.4369471073150635,4.775732040405273,4.835428714752197
656,5390,8.730635643005371,4.804432392120361,9.939492225646973,6.657474040985107
657,5400,6.76960039138794,2.2386243343353267,6.369246959686278,7.53345775604248
658,5405,6.7158732414245605,6.9474549293518075,8.059047698974611,5.734322547912598
659,5410,7.051666736602782,7.422806739807129,7.3264079093933105,6.044285774230957
660,5415,9.78598690032959,7.051667213439941,6.391658306121826,6.509231090545653
661,5420,6.6574745178222665,5.956687450408936,4.1845054626464835,6.608419895172119
662,5425,10.241706848144533,8.442811965942383,7.857571601867676,8.974848747253418
663,5430,9.967769622802734,7.822017192840576,3.1812031269073486,8.730635643005371
664,5450,9.97786808013916,5.64133358001709,2.930562734603882,6.4106059074401855
665,5460,7.3479552268981925,6.6487135887146,3.0221428871154785,6.547976016998291
666,5465,7.61132287979126,8.059047698974611,8.226944923400879,6.245762348175049
667,5480,9.234325408935547,11.68561840057373,7.483401298522949,5.948344707489014
668,5490,8.059047698974611,4.230999946594238,3.6265716552734375,7.219563961029053
669,5495,9.178359985351562,4.3653178215026855,5.238381385803223,8.826576232910156
670,5505,8.059047698974611,6.362405776977539,6.178603172302246,6.99864673614502
671,5515,9.755688667297363,7.857571601867676,3.453877687454224,7.790412425994872
672,5520,8.954497337341309,6.044285774230957,8.346870422363281,5.726165294647218
673,5525,8.814583778381348,6.907755374908447,7.253143310546875,8.25092887878418
674,5535,7.387460708618164,6.4920105934143075,7.61132287979126,6.636862754821777
675,5550,6.619931697845459,2.789670467376709,5.909968376159668,6.7158732414245605
676,5555,8.770139694213867,7.8072028160095215,6.7158732414245605,4.533214092254639
677,5570,8.059047698974611,2.4797070026397705,4.892993450164795,5.104063510894775
678,5580,6.873893737792969,5.792440891265869,9.066429138183594,5.64133358001709
679,5595,8.059047698974611,8.059047698974611,4.029523849487306,5.7084922790527335
680,5610,8.814583778381348,8.596317291259767,6.044286251068115,6.819194316864014
681,5615,8.988938331604004,4.339487552642821,4.317347049713135,6.593766689300537
682,5620,9.738016128540039,7.253142833709718,5.579340934753418,6.593766689300537
683,5625,9.608864784240724,3.0996339321136475,11.081191062927246,5.57934045791626
684,5630,7.749083995819093,5.180816650390625,4.029523849487306,7.129157543182372
685,5635,8.678974151611326,8.369011878967285,10.98961067199707,9.402222633361816
686,5640,10.409603118896484,4.3653178215026855,5.889304161071777,7.326406955718994
687,5645,4.701111316680908,5.889304161071777,4.3653178215026855,6.85019063949585
688,5650,9.498162269592283,2.0147621631622314,1.465281367301941,6.044286251068115
689,5655,10.409603118896484,4.029524326324463,2.78967022895813,9.066428184509276
690,5665,9.158008575439453,6.044286251068115,3.663203477859497,5.494804859161377
691,5670,9.158008575439453,3.296883344650269,8.425368309020996,6.85019063949585
692,5675,9.89064884185791,7.7232537269592285,1.8316017389297483,7.656095027923584
693,5690,7.051666736602782,3.3579366207122803,8.012996673583983,6.547976493835449
694,5695,8.107596397399902,2.930562734603882,7.203463554382324,6.9356651306152335
695,5705,7.759556293487549,6.960087299346924,7.206648826599121,5.723464012145996
696,5710,8.059047698974611,6.860391616821289,6.1531920433044425,6.4949564933776855
697,5720,8.059047698974611,5.381041526794434,7.881275177001952,7.8875794410705575
698,5745,7.571605205535889,5.479169845581055,6.354249000549316,7.751710891723633
699,5750,8.059047698974611,2.574418067932129,6.976113319396973,6.490029811859131
700,5755,6.8358001708984375,3.32995343208313,7.308722496032715,7.036631107330322
701,5760,8.059046745300293,7.1509857177734375,4.096127510070802,7.010715961456299
702,5765,7.720690250396728,5.7978763580322275,8.091544151306152,7.397953510284424
703,5775,7.519378662109375,5.3726983070373535,6.527829647064209,7.018087387084961
704,5780,8.548615455627441,4.2894935607910165,6.583953857421875,6.776926040649414
705,5785,7.744240760803223,3.712238788604736,4.707760810852051,7.422807216644287
706,5790,8.018344879150389,6.890178680419923,7.509566783905028,6.659318447113037
707,5800,7.711674690246582,6.673899173736572,7.088977336883545,7.042906761169434
708,5805,8.621306419372559,7.198811531066895,7.117569446563722,6.62921667098999
709,5810,8.444853782653809,5.815807819366455,6.715872764587402,6.812802791595459
710,5820,7.9619507789611825,4.7918663024902335,4.350054264068604,5.846759796142577
711,5825,7.103592872619629,5.6331095695495605,6.978970050811768,7.567642688751222
712,5830,8.183671951293945,5.162827014923097,4.597790241241455,8.253241539001465
713,5835,8.772609710693361,5.518695831298828,7.326407432556152,5.763749122619629
714,5885,6.532712459564209,2.7011094093322754,7.344954490661621,6.987907886505128
715,5900,7.661770820617676,6.9779558181762695,6.122782707214356,6.3007097244262695
716,5905,8.257221221923826,8.435136795043945,6.779833793640138,6.832670211791992
717,5910,7.698194980621338,4.863218307495117,8.703771591186522,8.254024505615233
718,5915,7.718524932861327,5.036904811859131,6.980724811553955,7.397484302520753
719,5925,7.602875232696532,2.951200246810913,5.748787879943848,5.628541469573975
720,5930,7.6690940856933585,4.710570335388184,6.954178810119629,6.232329845428468
721,5935,7.298760414123535,6.14760684967041,6.38007926940918,8.605422973632812
722,5945,6.514397144317628,5.736145973205566,6.873894214630128,6.623875141143799
723,5960,7.669093608856201,9.60369873046875,8.129741668701174,8.678975105285645
724,5965,7.871627330780028,8.667277336120605,5.477633476257324,7.374789237976074
725,5970,6.96629524230957,5.6413331031799325,8.200434684753418,7.333733081817628
726,5975,7.195578575134277,5.421541690826416,3.6575677394866943,6.5183472633361825
727,5980,7.656095504760742,6.215028285980225,5.322012424468994,7.439120769500732
728,5985,7.6492652893066415,5.252772331237793,6.9662957191467285,6.7158732414245605
729,5990,7.303512096405028,6.215028285980225,7.8469672203063965,7.030233860015869
730,5995,7.236696243286133,7.458905696868896,5.655472278594972,6.22744607925415
731,6005,7.54464054107666,5.252772331237793,6.162801742553711,8.226944923400879
732,6015,7.51661205291748,7.6393065452575675,7.862484931945801,5.820423126220702
733,6020,6.930781364440918,3.2053029537200928,9.639253616333008,7.031914710998535
734,6030,6.601560592651367,4.107014656066895,5.53071928024292,6.593766689300537
735,6040,8.059047698974611,8.584638595581055,4.442808628082275,5.871591567993164
736,6050,8.157328605651855,5.1208529472351065,5.27675724029541,6.715872764587402
737,6055,8.490781784057617,8.361263275146483,4.701111316680908,8.89853286743164
738,6060,7.051667213439941,11.03739070892334,6.1728878021240225,8.394842147827147
739,6065,6.093426704406737,5.989832878112793,10.862194061279297,6.362405776977539
740,6070,8.150628089904785,6.08715295791626,4.503585815429688,5.405458927154541
741,6075,8.550453186035156,9.09892463684082,6.388269901275635,5.408045768737793
742,6095,6.06842041015625,6.523991107940674,5.096162796020508,5.4146728515625
743,6120,5.871591567993164,7.051667213439941,6.492011070251465,6.763843536376952
744,6125,5.682662010192871,6.399832248687744,2.640033006668091,6.145024299621582
745,6135,7.555357456207275,4.977646827697754,6.749452114105225,6.619932651519775
746,6140,7.387460231781006,8.31901741027832,5.660521507263184,8.327683448791504
747,6145,9.918828010559082,3.425095319747925,8.922516822814941,7.3167667388916025
748,6160,6.547976016998291,5.288749694824219,4.197420597076416,7.814835071563722
749,6165,7.598530769348144,5.484629154205322,2.0147619247436523,7.051666736602782
750,6170,8.770140647888184,8.059046745300293,5.64133358001709,4.178765296936035
751,6175,7.45461893081665,11.539091110229492,4.659136772155762,5.540595054626465
752,6180,8.226943969726562,5.688739776611327,6.286056995391847,7.051666736602782
753,6185,7.091961860656737,8.703771591186522,6.268148422241211,5.431097507476807
754,6190,6.763844013214111,11.321043014526367,5.820423126220702,7.195578575134277
755,6195,8.059046745300293,4.351885795593262,10.476761817932127,6.391658306121826
756,6210,6.99864673614502,8.954497337341309,7.891150951385497,5.708492755889893
757,6215,6.99864673614502,7.3128395080566415,7.5095672607421875,7.253143310546875
758,6220,7.584986209869385,5.80251407623291,4.959414005279541,7.16359806060791
759,6230,8.214029312133789,3.4325571060180664,7.253142356872559,6.150326251983643
760,6235,7.929063320159912,4.76216459274292,7.253143310546875,6.3800787925720215
761,6245,7.1830644607543945,5.67796516418457,8.907368659973145,5.318971633911133
762,6250,8.059047698974611,2.462486743927002,3.3932831287384038,6.593766689300537
763,6265,9.267904281616213,8.059047698974611,4.212684154510498,7.483401298522949
764,6270,7.099637031555176,4.555113792419434,8.260523796081543,6.939735412597656
765,6275,4.230999946594238,8.059046745300293,4.76216459274292,4.221405982971191
766,6280,8.059048652648926,8.250929832458496,3.273988008499145,6.636863231658936
767,6285,5.67796516418457,5.431097507476807,8.226944923400879,4.212684154510498
768,6290,5.781490802764893,4.168472766876222,7.867165565490723,6.30708122253418
769,6295,5.238381385803223,6.30708122253418,5.756463050842285,5.820423126220702
770,6305,6.907754898071289,9.755688667297363,4.432476043701172,6.5092315673828125
771,6310,8.059047698974611,3.719560384750366,4.413288116455078,7.387460708618164
772,6315,5.909968376159668,3.55546236038208,6.044285774230957,4.503585815429688
773,6320,6.044285297393799,4.281369209289552,3.7417008876800537,7.129158020019531
774,6325,7.051666736602782,8.791687965393066,4.253386497497559,6.799821376800537
775,6330,6.332108974456787,7.521777629852295,10.073808670043944,5.468639373779297
776,6340,9.018458366394043,8.059047698974611,8.282910346984862,6.984508037567139
777,6355,5.64133358001709,5.036904811859131,6.984508037567139,6.99864673614502
778,6360,8.907368659973145,5.688739776611327,6.447237968444824,7.822017192840576
779,6370,9.738016128540039,3.273988008499145,4.649450778961182,7.253143310546875
780,6390,8.63469409942627,3.0996336936950684,6.044285774230957,7.74908447265625
781,6395,5.6413331031799325,4.503585815429688,9.066428184509276,5.180816650390625
782,6405,7.387460708618164,8.282910346984862,6.380079746246338,5.269377708435059
783,6410,6.044285297393799,8.86495304107666,4.317347049713135,4.649450778961182
784,6425,7.483401775360107,5.036904811859131,4.959414005279541,5.861125469207764
785,6435,8.791687965393066,3.80566143989563,4.029523849487306,4.892993450164795
786,6440,8.346871376037598,4.029523849487306,11.355931282043455,7.483401775360107
787,6445,6.85019063949585,6.593766689300537,6.1992669105529785,5.036904811859131
788,6455,6.7158732414245605,7.387460231781006,4.701111316680908,4.76216459274292
789,6460,4.835428714752197,7.387460708618164,2.1979219913482666,5.494804859161377
790,6465,8.730635643005371,6.1628007888793945,2.4797070026397705,6.447237968444824
791,6470,9.402222633361816,10.848718643188477,4.029523849487306,6.22744607925415
792,6480,6.380079746246338,5.756463050842285,9.498163223266602,7.6560959815979
793,6485,5.861125469207764,9.402222633361816,6.85019063949585,6.22744607925415
794,6490,6.593766689300537,4.432476043701172,2.930562734603882,6.044285774230957
795,6495,8.461999893188478,5.861125469207764,6.960086345672607,8.425368309020996
796,6500,6.044285774230957,4.701111316680908,8.565615653991701,8.425368309020996
797,6510,5.897515296936035,4.029523849487306,7.326407432556152,8.008678436279299
798,6515,6.799821376800537,9.054291725158693,7.1808180809021,8.012996673583983
799,6520,8.748309135437013,5.60132360458374,5.856241226196289,6.5565128326416025
800,6530,6.9039177894592285,5.573772430419922,5.962606430053711,7.318931579589844
801,6535,6.572982311248778,7.2973690032958975,7.9109039306640625,5.792440414428711
802,6550,9.573906898498537,5.606294631958008,6.62352991104126,6.660370826721191
803,6560,7.659171104431152,7.306869983673097,7.003034591674805,6.776926517486572
804,6565,8.097061157226562,7.540966033935548,8.514559745788574,8.545370101928711
805,6575,6.638805866241455,6.208450794219972,3.796411037445069,6.4882164001464835
806,6580,7.067656993865968,4.939416408538818,8.676474571228027,7.802623271942139
807,6585,7.023941516876222,6.459089756011963,6.286056995391847,5.876389026641847
808,6590,8.557941436767576,3.6791305541992183,6.619931697845459,8.131003379821777
809,6595,7.804551124572754,4.068268775939941,7.472935676574707,6.357693195343018
810,6600,6.178603172302246,7.015689373016357,6.715872764587402,6.2767581939697275
811,6605,6.741703987121582,5.545216083526611,6.367262363433838,5.180815696716309
812,6620,5.960337162017822,6.391658306121826,6.590343475341798,8.022079467773438
813,6625,5.471280097961426,6.470486164093018,6.597358226776122,7.867166042327881
814,6630,6.195934772491455,7.986443519592285,4.212684154510498,7.622111320495605
815,6635,7.535733222961426,5.67796516418457,7.103593826293945,7.762135028839111
816,6640,7.8072028160095215,7.549567699432372,5.878364086151122,5.008660316467285
817,6645,6.4920105934143075,9.952439308166504,7.5605506896972665,6.8548216819763175
818,6650,7.590497970581055,6.0442848205566415,4.515008926391602,6.2594547271728525
819,6660,6.319990158081055,6.2509284019470215,6.964068412780763,6.85019063949585
820,6665,5.024468421936035,5.146138668060303,4.682960033416748,6.122782707214356
821,6670,5.535060405731201,8.864952087402344,3.719560384750366,6.7939653396606445
822,6675,5.4094977378845215,7.1476078033447275,4.856093406677246,6.352425575256348
823,6680,7.521778106689452,7.169412136077881,7.274075508117676,5.128484725952148
824,6685,8.059047698974611,6.410606384277344,6.018119812011719,7.125377178192139
825,6700,7.068181037902832,6.571961879730225,3.223618984222412,5.788894176483153
826,6715,8.369010925292969,9.995312690734863,8.86495304107666,5.197502136230469
827,6725,6.354249477386475,5.772021293640138,6.980724811553955,6.044286251068115
828,6735,7.0356764793396,8.596317291259767,5.695060729980469,6.221019744873048
829,6740,8.400532722473145,5.4032249450683585,9.24420166015625,6.4920105934143075
830,6745,6.365479469299316,6.8395867347717285,6.492011070251465,7.149155139923097
831,6750,6.3692474365234375,6.1344990730285645,7.846967697143555,7.242252826690674
832,6755,6.25270938873291,6.835799694061278,5.245983600616455,6.755378246307372
833,6775,7.15446138381958,3.7924926280975337,7.102889537811278,5.288749694824219
834,6795,6.1114439964294425,5.238381385803223,8.059047698974611,5.660521507263184
835,6805,8.234245300292969,2.5371077060699463,7.236696243286133,4.605169773101807
836,6810,6.569876194000244,5.684506893157959,5.584778308868408,6.121777057647705
837,6815,7.963107109069824,6.461133003234862,6.399831771850586,6.569876194000244
838,6825,7.31893253326416,6.091140270233153,4.619210720062256,7.34268856048584
839,6830,6.569876194000244,9.955294609069824,9.955294609069824,6.394679069519043
840,6835,7.728758811950684,6.199267387390138,5.451709270477295,7.469361305236816
841,6850,6.28131628036499,5.7084922790527335,4.236165523529054,5.602021217346191
842,6855,4.7918663024902335,4.6889004707336435,5.372698783874512,7.49350118637085
843,6865,7.743007183074951,5.036904811859131,6.08715295791626,7.642200469970702
844,6870,7.623423099517822,6.249873638153076,10.949792861938477,6.044285774230957
845,6875,6.044285774230957,5.036904811859131,8.836674690246582,5.889304161071777
846,6885,7.195578575134277,6.939736366271973,4.959413528442383,7.940532207489014
847,6890,6.1917076110839835,6.464027404785156,4.385069847106934,6.969987392425537
848,6895,8.669581413269043,7.483401775360107,8.930295944213867,5.180816650390625
849,6905,9.52432918548584,8.730634689331055,4.771804332733153,6.636862277984619
850,6910,6.7158732414245605,7.232478141784668,5.756462574005128,7.429434776306152
851,6920,6.92574405670166,6.950928688049316,6.3882694244384775,7.953007698059082
852,6925,7.7843074798583975,9.849946975708008,4.977646827697754,6.811814785003662
853,6930,8.181154251098633,3.5915324687957764,6.58155632019043,5.612551212310791
854,6935,10.890604972839355,5.8025145530700675,2.640033006668091,4.900772571563722
855,6940,6.399832248687744,7.022884845733643,6.85019063949585,7.692727565765381
856,6945,5.589339733123778,7.01917028427124,5.468639850616455,7.16359806060791
857,6955,7.499392032623291,10.547871589660645,4.533214569091797,6.044285774230957
858,6960,8.449001312255861,3.81171178817749,8.193365097045897,6.763844013214111
859,6975,5.775650978088379,3.0996334552764893,5.114395618438722,6.715872764587402
860,7000,5.696913242340088,5.0742154121398935,7.656095027923584,8.208290100097656
861,7020,6.62921667098999,7.34795618057251,7.462081432342528,7.642200946807861
862,7060,8.898531913757324,6.974175453186035,5.781490802764893,5.579340934753418
863,7065,8.634695053100586,4.605170249938965,7.253143310546875,7.1830644607543945
864,7070,5.956686973571777,5.180816650390625,4.029523849487306,6.6487135887146
865,7075,9.755688667297363,6.930781364440918,8.260522842407228,5.93824577331543
866,7080,7.422806739807129,4.513067245483398,3.0221428871154785,6.044285774230957
867,7095,6.960087299346924,4.605170249938965,5.036904811859131,8.69528865814209
868,7100,4.43247652053833,3.5095853805541988,7.483401298522949,7.253143310546875
869,7110,6.7865662574768075,4.996609687805176,5.564580917358398,8.898531913757324
870,7115,8.059047698974611,8.864952087402344,3.828047513961792,3.6457595825195312
871,7125,6.307080268859862,8.63469409942627,4.413288116455078,6.619932651519775
872,7130,7.7712249755859375,5.726165294647218,6.178603172302246,6.819194316864014
873,7135,5.214678287506104,6.044285774230957,3.7417008876800537,6.447237968444824
874,7140,8.327682495117188,2.757042646408081,11.225102424621582,5.792440414428711
875,7150,8.506772041320799,1.611809492111206,8.346871376037598,8.562738418579103
876,7155,7.6560959815979,10.297672271728516,4.253386497497559,6.873893737792969
877,7160,5.792440414428711,5.909968376159668,8.327682495117188,7.8469672203063965
878,7165,6.547976016998291,7.692727565765381,8.059047698974611,7.822017192840576
879,7170,7.210726261138916,6.044285774230957,9.158008575439453,7.771224498748778
880,7180,8.059046745300293,8.059047698974611,5.909968376159668,5.439857006072998
881,7185,5.3726983070373535,5.540595531463623,6.984508037567139,7.45461893081665
882,7190,7.555357456207275,4.029523849487306,6.509231090545653,6.362405776977539
883,7200,8.059047698974611,4.701111316680908,9.402222633361816,4.566793918609619
884,7210,8.988938331604004,2.820666790008545,6.380079746246338,6.619931697845459
885,7215,8.059047698974611,8.562738418579103,4.029523849487306,7.521777629852295
886,7240,6.819194316864014,6.619932651519775,11.722250938415527,7.326406955718994
887,7250,6.1992669105529785,8.059047698974611,6.1992669105529785,8.369011878967285
888,7270,10.22879123687744,5.3726983070373535,2.4797070026397705,5.7084922790527335
889,7275,6.044285774230957,3.7417008876800537,9.78598690032959,7.656095027923584
890,7280,7.051666736602782,3.0221428871154785,2.930562734603882,8.059047698974611
891,7300,8.059047698974611,6.7158732414245605,7.326406955718994,6.593766689300537
892,7310,6.044285774230957,3.719560384750366,7.378738403320312,5.64133358001709
893,7325,8.471710205078125,6.22744607925415,7.258308410644531,7.576469898223878
894,7330,7.3704586029052725,5.7084922790527335,5.8293776512146,7.653391361236572
895,7345,8.344829559326174,8.791687965393066,7.971449851989746,7.280933380126952
896,7350,6.162801265716553,2.1979219913482666,5.45019006729126,8.031820297241211
897,7365,6.55651330947876,4.395843982696533,6.598345279693604,7.382087707519531
898,7370,7.525728225708008,8.034772872924805,5.585753917694092,5.723092079162598
899,7385,7.286722660064697,6.500965118408202,7.603536128997803,7.601147174835205
900,7390,6.8562049865722665,3.257399082183838,4.395844459533691,7.659425735473633
901,7395,6.6175923347473145,7.80365514755249,8.676474571228027,5.995145320892334
902,7400,8.545370101928711,7.641170978546143,5.64133358001709,8.021389007568361
903,7405,7.877537727355957,6.811814308166504,7.1058268547058105,6.982192516326903
904,7410,6.816863536834718,6.9717159271240225,6.2238197326660165,6.9818482398986825
905,7415,7.285705089569093,5.406278133392334,7.143246650695801,5.137643337249756
906,7425,6.646637439727782,4.777270317077637,6.7158732414245605,7.084877967834473
907,7430,9.720706939697266,5.089924812316895,7.351574420928955,6.438929557800293
908,7435,6.553511142730713,5.7226009368896475,5.535888195037842,6.809895515441895
909,7440,8.553235054016112,7.081007957458496,6.676368236541747,7.2619991302490225
910,7445,5.444144248962402,6.391658306121826,4.166894435882568,8.972960472106934
911,7450,6.921300411224365,6.5376973152160645,5.109602928161621,7.969502925872803
912,7455,8.104837417602539,7.875887870788574,5.388881206512451,5.2337493896484375
913,7460,6.699690341949463,3.232990264892578,3.4612574577331543,6.332108974456787
914,7465,7.312839031219482,6.873894214630128,5.344420909881592,6.942432880401611
915,7485,10.126829147338867,3.643131256103516,4.3562421798706055,6.447238445281982
916,7500,5.2489848136901855,6.020011425018311,5.321037769317627,7.200297355651856
917,7505,6.3465003967285165,6.3465003967285165,4.720299243927002,7.02583646774292
918,7510,8.757498741149902,6.262753486633301,6.5414347648620605,5.842809200286865
919,7515,6.365479946136475,5.599468231201172,7.446967601776122,7.331494808197021
920,7525,10.073808670043944,4.740616321563722,5.861125946044923,6.279777050018311
921,7530,8.616981506347656,7.60501766204834,6.843794345855713,6.83267068862915
922,7535,7.490782260894775,5.234227180480957,3.4922537803649902,6.832671642303468
923,7540,5.747997283935548,7.493500232696532,8.112773895263674,6.316551208496094
924,7545,7.998906135559082,5.988320350646973,5.732140064239503,6.207644462585449
925,7550,10.106839179992676,5.784316539764403,6.124876499176025,6.763843536376952
926,7555,7.7136597633361825,6.671834468841553,4.859131813049316,7.779219627380371
927,7560,6.539719581604004,7.185984611511231,5.540595531463623,7.65025520324707
928,7565,7.41798734664917,4.712493896484375,6.873894214630128,5.424359321594238
929,7580,5.474070549011231,7.024439811706543,3.0376410484313965,8.454098701477049
930,7590,8.653567314147951,6.693108081817628,4.333638668060304,7.656095504760742
931,7595,7.744241237640381,10.010848999023438,7.307780742645264,7.971450328826903
932,7615,8.059047698974611,6.799821853637695,6.857260227203369,6.199267864227295
933,7620,5.036905288696289,6.825520515441895,7.318931102752685,7.6303749084472665
934,7625,4.908692359924316,5.002167224884033,9.115971565246582,7.411445617675781
935,7635,7.96310567855835,4.3653173446655265,9.876283645629883,8.13963794708252
936,7640,8.282910346984862,7.6303749084472665,4.898636341094972,7.6560959815979
937,7655,7.483401298522949,4.029523849487306,4.029524326324463,4.959414005279541
938,7670,8.316251754760742,5.144073009490967,9.285425186157227,6.99864673614502
939,7680,8.238137245178223,3.1430284976959233,8.271127700805664,6.950929164886475
940,7700,3.7417011260986333,9.341168403625488,5.333193778991699,5.2559003829956055
941,7705,8.519564628601074,5.876389026641847,6.840818881988525,5.792440414428711
942,7710,8.059047698974611,8.340177536010742,5.089925289154053,5.411074638366699
943,7715,9.763846397399902,5.880927562713622,7.195578575134277,7.291520118713379
944,7730,6.098738193511963,6.648714542388916,7.272799491882324,8.059047698974611
945,7740,9.24420166015625,5.526204109191895,5.333193778991699,5.3726983070373535
946,7745,6.332109928131104,6.99864673614502,3.3579366207122803,9.68800449371338
947,7750,6.559690475463867,5.060332298278809,3.056880474090576,5.820423126220702
948,7755,5.554208755493164,4.914053440093994,5.439857482910156,6.113759994506836
949,7760,7.129157543182372,2.2097389698028564,4.892993450164795,6.673899173736572
950,7770,11.512925148010256,4.197420597076416,7.483401775360107,6.188197135925293
951,7775,5.329370498657227,6.664212703704834,3.5258331298828125,7.195578575134277
952,7790,6.7158732414245605,3.273988008499145,1.8804444074630735,5.104063510894775
953,7795,9.358894348144533,6.486550807952881,5.8025145530700675,7.521777629852295
954,7800,6.907754421234131,5.329370498657227,3.9036011695861816,5.431097507476807
955,7805,5.909968376159668,7.219563961029053,3.2833156585693364,6.286056995391847
956,7810,6.608419418334961,6.593766689300537,3.7310407161712646,6.889186382293701
957,7815,9.234325408935547,6.044285297393799,8.86495304107666,5.596560478210449
958,7840,7.74908447265625,3.4922537803649902,4.804432392120361,5.849308967590332
959,7845,4.351885795593262,4.461258888244629,7.909805774688722,6.715872764587402
960,7850,6.593766689300537,7.099637031555176,6.657474040985107,6.332108974456787
961,7875,6.124876499176025,6.4106059074401855,6.044285774230957,5.948345184326173
962,7885,5.64133358001709,10.39877223968506,8.27112865447998,6.593765735626222
963,7890,5.861125469207764,7.503251075744629,2.93056321144104,9.872334480285645
964,7895,8.059047698974611,4.65913724899292,6.044285774230957,7.143246650695801
965,7900,8.483207702636719,4.2047200202941895,4.212684154510498,5.671181678771973
966,7910,4.605170249938965,1.611809492111206,3.0221428871154785,7.675284385681152
967,7915,6.1503257751464835,3.3184313774108887,5.792440414428711,6.939735412597656
968,7920,9.955293655395508,8.242207527160645,7.891150951385497,7.253143310546875
969,7925,10.073809623718262,6.7865662574768075,7.4834022521972665,8.678975105285645
970,7930,3.55546236038208,3.55546236038208,3.828047513961792,3.223618984222412
971,7935,6.7158732414245605,4.281369209289552,6.447237968444824,4.6339521408081055
972,7940,6.362405776977539,5.540595054626465,6.715872764587402,6.1503257751464835
973,7950,5.3726983070373535,5.036904811859131,3.7417006492614746,6.76960039138794
974,7960,4.503585815429688,6.044285774230957,8.059048652648926,4.533214569091797
975,7965,7.7712249755859375,5.540595054626465,4.253386497497559,6.38007926940918
976,7970,8.282909393310549,5.302004814147949,6.447237491607666,6.819194316864014
977,7980,5.756462574005128,7.0078673362731925,7.692726612091064,4.835428714752197
978,7985,6.509231090545653,7.521777629852295,8.346871376037598,4.029523849487306
979,7995,7.7712249755859375,3.55546236038208,5.104063510894775,5.3020052909851065
980,8005,7.439120769500732,5.180816650390625,7.253143310546875,7.1635990142822275
981,8010,5.64133358001709,5.180816650390625,6.178603649139403,5.925770282745361
982,8015,5.036904811859131,2.8782315254211426,6.509231090545653,6.547976493835449
983,8020,5.889304637908936,7.051666259765625,3.453877687454224,9.21034049987793
984,8025,6.81919527053833,4.533214569091797,3.0221431255340576,7.483401775360107
985,8030,9.402222633361816,10.073809623718262,4.959414005279541,7.483401775360107
986,8040,6.296131134033202,6.044285774230957,7.7232537269592285,6.7158732414245605
987,8045,4.959414005279541,4.605170249938965,4.029523849487306,6.178603172302246
988,8050,4.566793918609619,6.044285774230957,4.029523849487306,4.533214569091797
989,8055,10.073809623718262,9.267905235290527,4.605170249938965,7.253143310546875
990,8060,6.819194316864014,4.395843982696533,5.579340934753418,5.756462574005128
991,8065,7.326406955718994,5.861125469207764,3.0221431255340576,3.693730115890503
992,8070,6.85019063949585,5.036904811859131,10.256969451904297,5.64133358001709
993,8075,6.715872764587402,4.029523849487306,6.1992669105529785,6.044285774230957
994,8085,6.619932651519775,6.22744607925415,3.693730115890503,9.158008575439453
995,8090,6.044286251068115,8.059047698974611,4.029523849487306,7.656095027923584
996,8095,8.425368309020996,8.394841194152832,5.64133358001709,8.791687965393066
997,8100,7.7232537269592285,3.6632039546966553,8.059047698974611,7.387460231781006
998,8120,6.227445602416992,3.223618984222412,2.930562734603882,6.960086345672607
999,8125,6.22744607925415,8.461999893188478,6.22744607925415,6.960086345672607
